ID,recipe_name,cook_time,prep_time,total_time,ingredients,calories,fat,saturated_fat,cholesterol,sodium,carbohydrate,fiber,sugar,protein,instructions,type,cuisine,image
71,Chicken And Dumplings,PT43M,PT1H25M,PT2H8M,"c(""chicken"", ""carrot"", ""celery"", ""onion"", ""chicken bouillon cubes"", ""butter"", ""flour"", ""sherry wine"", ""lemon juice"", ""salt"", ""baking powder"", ""salt"", ""shortening"", ""milk"", ""peas"")",657.9,42.7,14.4,188.7,637.7,19.1,2.1,2.6,46.1,"c(""Place chickens in large saucepan, cover with water and bring to a boil."", ""Simmer until chickens are tender."", ""Remove chickens from pan and set aside. Remove backbones."", ""Add chopped carrot, celery and onion and simmer 30 minutes."", ""Add chicken stock base and remove from heat. Strain and reserve stock."", ""Melt butter and stir in 1 cup flour until smooth."", ""Add to straine reserved chicken stock."", ""Simmer 5 minutes."", ""Add sherry and lemon juice, salt to taste and, if desired, food color."", 
""For dumplings, combine 1 1/2 cups flour, baking powder and 1/4 tsp salt in mixing bowl."", ""Cut in shortening until mixture resembles cornmeal."", ""Stir in milk until just blended."", ""Place about 1/2 inch water in saucepan with wire rack that comes 2 to 3 inches above water line. Cover rack with lightly oiled waxed paper, oiled side up."", ""With water gently simmering, drop dumplings by tablespoon onto waxed paper, leaving room in between for expansion."", ""Steam 8 minutes, uncovered, then cover and steam 7 minutes longer."", 
""Meanwhile, remove skin from cooked chicken and bone, if desired."", ""Cut in large pieces."", ""Place chicken pieces in casserole. Arrange dumplings on chicken."", ""Cover with sauce and sprinkle with peas for color."")",dash,american,chicken-and-dumplings-388655
103,Borscht,PT30M,PT20M,PT50M,"c(""cabbage"", ""onion"", ""celery"", ""butter"", ""beets"", ""tomato sauce"", ""brown sugar"", ""bay leaf"", ""rosemary"", ""lemon juice"")",631.8,24.7,14.9,61.1,1759.0,100.9,18.3,70.5,14.3,"c(""Saute cabbage, onion and celery in butter until soft in large saucepan."", ""Add  tomato sauce, beets with juice, herbs, sugar and enough water to cover  ingredients."", ""Bring to boil, reduce heat, simmer 25-30 minutes."", ""Add lemon  juice  a few minutes before serving."", ""Serve with chopped boiled eggs, sour cream  and pumpernickel bread."")",dash,french,borscht-51115600
285,Thai Beef Salad,PT1H,PT30M,PT1H30M,"c(""romaine lettuce"", ""red leaf lettuce"", ""Belgian endive"", ""fresh lime juice"", ""soy sauce"", ""beef"", ""brown sugar"", ""garlic cloves"", ""cilantro"", ""tomatoes"", ""green onions"")",1259.9,122.9,38.9,112.4,862.8,26.5,12.7,11.1,18.2,"c(""Tear romaine lettuce, red leaf lettuce, and Belgian endive into bite-size pieces."", ""In small bowl, combine 2 tablespoons oil,  2 tablespoons lime juice, and 2 tablespoons soy sauce."", ""Add beef strips; stir; marinate at least 1 hour at room  temperature."", ""In food processor, combine 1/2 cup oil, 2 tablespoons lime juice, 1 tablespoon soy  sauce, ginger, brown sugar, garlic and jalapenos; puree."", ""Reserve marinade."", ""Stir-fry beef in 2 tablespoons oil until just browned."", ""Mix reserved marinade with  dressing."", 
""Top greens with beef."", ""Pour dressing into a wok; stir to heat; mix in beef juices."", ""Pour hot dressing over salad."", ""Add cilantro, tomatoes, and  green onions; toss."")",dash,south east asian,thai-beef-salad
845,Homemade Mayonnaise,,PT0S,PT0S,"c(""egg"", ""fresh lemon juice"", ""olive oil"", ""black pepper"", ""salt"")",1589.8,176.8,25.1,169.2,989.9,1.5,0.1,0.6,5.1,"c(""In a food processor or blender, blend the egg and lemon juice for 10  seconds."", ""With the processor running, slowly pour in the oil through  the feed tube. Mixture should thicken."", ""Add the pepper and salt and  pulse once or twice to blend."", ""Transfer to an airtight container and  refrigerate for at least 30 minutes before using."", ""Best if used within  24 hours."", ""This recipe yields 1 1/4 cups."")",dash,american,homemade-mayonnaise-241868
2530,Cheese Straws,,PT0S,PT0S,"c(""plain flour"", ""mustard powder"", ""salt"", ""cayenne pepper"", ""butter"", ""cheddar cheese"", ""water"")",1217.4,74.6,45.4,357.5,1364.2,106.3,3.8,0.8,29.8,"c(""Sift the flour, mustard powder, salt and cayenne pepper into a bowl."", ""Cut the  butter into the flour and rub in until the mixture resembles fine breadcrumbs."", ""Add the cheese and mix the ingredients together."", ""Mix to a stiff paste with the  egg yolk and water."", ""Turn out onto a floured work surface. Knead quickly until  smooth and crack-free.  Wrap in a polyethylene bag or foil."", ""Chill for 30 minutes before using."", ""Roll out, cut into strips and place on a baking sheet.  Bake at  200 C / 400 F / Gas 6 for 15 minutes until golden brown.""
)",dash,american,cheese-straws-241167
2910,Macaroni And Cheese,,PT0S,PT0S,"c(""unsalted butter"", ""milk"", ""all-purpose flour"", ""salt"", ""nutmeg"", ""black pepper"", ""cayenne pepper"", ""sharp white cheddar cheese"", ""gruyere"", ""pecorino romano cheese"", ""elbow macaroni"")",1156.5,65.4,39.9,200.6,1666.7,89.1,3.4,3.8,52.2,"c(""Pre-heat oven to 375 degrees F."", ""Butter a 3-quart casserole dish; set aside.  Place the bread in a medium bowl."", ""In a small saucepan over medium heat, melt 2 Tbsp butter."", ""Pour butter into bowl with bread, and toss; set the bread crumbs aside."", ""In a medium saucepan set over medium heat, heat the milk."", ""Melt remaining 6 Tbsp. butter in a high-sided skillet over medium heat.  When butter bubbles, add flour."", ""Cook, stirring, 1 minute. While  whisking, slowly our in hot milk."", ""Continue cooking, whisking constantly,  until the mixture bubbles and becomes thick."", 
""Remove pan from heat. Stir  in salt, nutmeg, black pepper, cayenne pepper, 3 cup cheddar cheese, and 1  1/2 cup Gruyere or 1 cup Pecorino Romano; set cheese sauce aside.  Fill a large saucepan with water; bring to a boil."", ""Add macaroni; cook 2  to 3 min. less than manufacturer's directions, until the outside of the  pasta is cooked and the inside is underdone. (Different brands of  macaroni cook at different rates; be sure to read the instructions.)  Transfer the macaroni to a colander, rinse under cold running water, and  drain well."", 
""Stir macaroni into the reserved cheese sauce. Pour mixture  into prepared dish."", ""Sprinkle remaining 1 1/2 cup cheddar cheese, 1/2 cup  Gruyere or 1/4 cup Pecorino Romano, and bread crumbs over top.Bake until  browned on top, 30-60 minutes."", ""Transfer dish to a wire rack to cool 5 min.;  serve."")",dash,italian,macaroni-and-cheese-51218810
3295,Greek Turkey Burgers,PT10M,PT10M,PT20M,"c(""turkey"", ""turkey breast"", ""dried parsley"", ""garlic"", ""cinnamon"", ""nutmeg"", ""salt"", ""pepper"", ""fat free sour cream"", ""cucumber"", ""feta cheese"")",400.6,12.2,4.2,87.0,805.7,39.6,2.0,3.6,31.4,"c(""Prepare charcoal grill for direct heat cooking."", ""Remove cooking rack from  grill and spray with non-stick cooking spray."", ""In medium bowl combine  turkey, olives, parsley, garlic, cinnamon, nutmeg, salt and pepper."", ""Evenly  distribute mixture into four burgers (approximately 4 1/2 inches in  diameter). Grill burgers 2 to 3 minutes per side until meat thermometer  registers 160 to 165 degrees F."", ""and meat is no longer pink in center."", ""To  serve, spread 1 tablespoon sour cream on pita."", 
""Place cooked burger on  bottom half of pita and top evenly with cucumber and 1 tablespoon Feta  cheese. Fold over top half of pita and serve."")",mediterranean,american,greek-turkey-burgers
3426,Bananas Foster,PT5M,PT10M,PT15M,"c(""brown sugar"", ""unsalted butter"", ""bananas"", ""cinnamon"", ""dark rum"", ""French vanilla ice cream"")",1394.1,81.2,51.6,424.3,274.6,142.8,2.6,125.7,16.1,"c(""In small pan, mix rum and banana liqueur and gently warm it. Melt butter and  sugar in a medium non-stick frying pan."", ""(This can also be done in a chafing dish  for table side preparation) add bananas and saute until tender (DO NOT  OVERCOOK) about 2-3 minutes."", ""Sprinkle with the cinnamon."", ""Pour the rum/liqueur  mixture over the bananas and flame- Serve with the vanilla ice cream."")",dash,american,bananas-foster-351929
3896,Chocolate Truffles,,PT0S,PT0S,"c(""chocolate chips"", ""pecans"", ""cream cheese"", ""Kahlua"")",2468.9,186.6,93.5,249.5,701.9,179.1,18.6,148.6,31.7,"""Mix well and roll in cocoa.""",keto,french,chocolate-truffles-364213
3922,Caesar Salad,,PT15M,PT15M,"c(""romaine lettuce"", ""nonfat plain yogurt"", ""lemon juice"", ""Worcestershire sauce"", ""garlic"", ""anchovy paste"", ""parmesan cheese"", ""garlic-flavored croutons"", ""caesar-flavor croutons"", ""red onions"")",90.6,4.0,1.5,13.3,269.4,8.4,1.9,3.8,5.8,"c(""In a large bowl combine lettuce, crumbled bacon, onion and croutons."", ""Pour the dressing over and 1/2 the cheese, toss well."", ""Sprinkle with remaining cheese and serve."")",dash,american,caesar-salad-51160630
5340,Chickpea Spread,,PT5M,PT5M,"c(""chickpeas"", ""plain nonfat yogurt"", ""fresh lemon juice"", ""garlic cloves"", ""olive oil"", ""salt"", ""cumin"", ""allspice"")",580.4,13.5,1.8,2.5,2278.9,93.1,15.6,10.2,24.8,"c(""In food processor or blender, combine chickpeas, yogurt, lemon juice, garlic, olive oil, salt, cumin and allspice with 1 tablespoon water."", ""Puree until smooth."", ""Serving Ideas : Serve with warm pitas."")",mediterranean,mediterranean,chickpea-spread-356229
6449,Bloody Mary,,PT3M,PT3M,"c(""vodka"", ""tomato juice"", ""Worcestershire sauce"", ""Tabasco sauce"", ""pepper"", ""salt"", ""green onions"")",131.8,0.2,0.0,0.0,271.1,7.6,0.5,4.6,0.8,"c(""Rub lemon or lime around rim of glass and then put the rim in margarita salt or Tony Chachers, if desired."", ""Add ice to glass."", ""Mix Vodka, tomato juice, lemon juice, Worcestershire sauce, Tabasco, salt, Pepper, celery salt and horseradish (if using) and pour in glass."", ""Garnish with lemon or lime wedge, celery stalk, green onion or pickled green bean."")",dash,world,bloody-mary-351589
6564,Shrimp Creole,,PT0S,PT3H58M,"c(""fresh shrimp"", ""water"", ""yellow onions"", ""bell peppers"", ""celery ribs"", ""tomatoes"", ""salt"", ""black pepper"", ""white pepper"", ""fresh thyme"", ""dried thyme"", ""fresh basil"", ""dried basil"", ""sugar"", ""bay leaves"", ""green onion"", ""parsley"")",282.0,15.5,2.0,143.2,1269.0,18.9,5.2,10.3,19.0,"c(""Peel and devein the shrimp."", ""Place heads (if you have them), and peels in a small saucepan and add the water."", ""Bring to a slow boil over medium-high heat and let boil slowly for 15-20 minutes."", ""Strain and discard the heads and peels."", ""Place the oil in a Dutch oven or other large, heavy pot and place over medium-high heat."", ""Add the onions, peppers, and celery and saute stirring often, until the vegetables are very soft, about 45 minutes."", ""Stir in the tomatoes, salt, peppers, herbs, sugar, and shrimp stock and return to simmer."", 
""Reduce heat to medium and let simmer for 2 hours, stirring occasionally, This is your creole sauce; it can be prepared 1 or 2 days in advance and stored in the refrigerator (I find the sauce is even better after sitting a couple of days in the refrigerator)."", ""When you are ready to serve, return the sauce to a simmer and add the shrimp."", ""Cook until they turn pink, 5-7 minutes."", ""Stir in the green onions and parsley and let cook for 1 minute more."", ""Serve on flat plates over beds of rice."", 
""SHRIMP AND HAM OR TASSO JAMBALAYA:"", ""Prepare Shrimp Creole as above, but add about a pound of cubed ham and a 4-ounce can of tomatoe sauce to the finished sauce and simmer 45 minutes more."", ""Meanwhile, boil or steam 2-3 cups raw rice."", ""Finish the sauce (which will be your jambalaya base) by adding the shrimp, green onions, and parsley as above. (If you are using leftover Shrimp Creole, remove the shrimp and reheat the sauce, add the ham and tomato sauce, and proceed as above."", ""Return the shrimp to the pan at the end of cooking.) Place the hot, cooked rice in a large bowl, pour the jambalaya base over, mix well, and serve."", 
""You can also prepare this dish with sausage instead of ham."")",dash,american,shrimp-creole-14653
6625,Tzatziki,,PT0S,PT26H,"c(""plain yogurt"", ""cucumbers"", ""salt"", ""garlic"", ""white wine vinegar"", ""olive oil"", ""fresh ground pepper"")",258.7,15.1,6.2,31.9,119.4,23.3,1.6,16.5,10.7,"c(""Line a sieve with a damp cheesecloth and place over a large bowl."", ""Dump the yogurt into the sieve, cover with plastic wrap, and allow to drain in the refrigerator for 24 hours."", ""Peel the cucumbers."", ""Cut them in half lengthwise."", ""Using a teaspoon, scrape out and discard the seeds."", ""Grate the cucumbers into a colander, using the large holes on a four-sided grater."", ""Salt the cumcumbers and allow them to drain for 1/2 hour."", ""Place the garlic, vinegar, and olive oil in a bowl and marinate while the cucumbers are draining."", 
""Squeeze the drained cucumbers as dry as possible and blot on paper towels."", ""Place in the bowl with the marinated garlic."", ""Add the drained yougurt and stir."", ""Add a few grindings of fresh pepper and salt if necessary."", ""Serve with toasted pita bread triangles."")",mediterranean,mediterranean,tzatziki-greek-cucumber-yogurt-sauce
7137,Crab Cakes,PT10M,PT10M,PT20M,"c(""Worcestershire sauce"", ""mayonnaise"", ""egg"", ""garlic powder"", ""cayenne pepper"")",120.6,2.0,0.5,94.1,989.5,1.6,0.1,0.2,22.5,"c(""Combine all ingredients and form into 4 small cakes."", ""Sautee in butter til just starting to turn golden."", ""Serve hot.  Use a sauce of your choice."")",dash,mediterranean,crab-cakes-242592
7157,Gazpacho,,PT0S,PT0S,"c(""garlic"", ""slim cucumber"", ""tomatoes"", ""green pepper"", ""salt"", ""pepper"", ""onion"", ""olive oil"", ""wine vinegar"")",89.8,7.0,1.0,0.0,589.5,6.6,1.9,4.0,1.4,"c(""Put all ingredients into container of electric blender in order listed."", ""Cover and blend at high speed 5-10 seconds or until ingredients are finely chopped."", ""Chill thoroughly and serve."", ""May be served with side dishes of chopped cucumber, green onion, green pepper, tomatoes, croutons."")",dash,mediterranean,gazpacho-51121580
7797,Jambalaya,PT25M,PT20M,PT45M,"c(""butter"", ""onion"", ""garlic cloves"", ""tomatoes"", ""long grain rice"", ""basil"", ""salt"", ""pepper"", ""cayenne"", ""green pepper"", ""celery"", ""dried parsley"", ""shrimp"", ""chicken breasts"", ""mushrooms"")",462.8,15.9,7.0,162.0,951.8,47.8,3.6,5.6,31.4,"c(""Heat butter in tight, fully covered saucepan."", ""Add onion and garlic, cook over low heat for 5 minutes."", ""Add tomatoes and juice and bring to a boil."", ""Sprinkle rice on top of tomatoes."", ""Add salt, pepper cayenne and soup mix."", ""Cook for 15 minutes."", ""Then add green pepper, celery, parsley and basil."", ""If necessary, add a little water or tomato juice and cook for another 5 minutes."", ""Transfer to a casserole dish and add shrimp, chicken and juices, sliced mushrooms."", ""Cover tightly."", 
""Bake in preheated oven for 15 minutes 350°F till shrimp are cooked, but not overdone."")",vegan,american,jambalaya-230294
7953,Turkey Soup,,PT0S,PT1H42M,"c(""onion"", ""carrot"", ""celery"", ""unsalted butter"", ""all-purpose flour"", ""water"", ""dry white wine"", ""turkey carcass"", ""parsley"", ""thyme"", ""bay leaf"", ""peppercorns"")",175.7,8.1,3.3,15.0,249.4,13.6,0.9,4.3,5.0,"c(""Cook onion, carrot and celery in the butter and oil over moderately high heat, stirring for 7 to 10 minutes or until vegetables are golden."", ""Add flour and cook over moderate heat, stirring for 2 minutes."", ""Stir in stock, 4 cups water and wine."", ""Bring to a boil."", ""Add turkey carcass broken in pieces, parsley, thyme, bay leaf and peppercorns."", ""Simmer soup, partially covered, skimming any froth as it rises to surface, for about 1 1/2 hours."", ""Strain soup into heated tureen, pressing hard on the solids."", 
""Serve or cool and store."")",paleo,american,turkey-soup-232958
8143,Banana Cream Pie,PT3H,PT10M,PT3H10M,"c(""banana"", ""banana instant pudding"", ""instant vanilla pudding"", ""milk"", ""Cool Whip"")",320.2,20.5,10.4,14.2,218.9,29.2,1.0,8.2,5.8,"c(""Slice banana into pie shell."", ""Prepare pie filling as directed on package for pie,using 2 1/2 cups milk."", ""Fold in 1 cup of the Whipped topping and pour over banana in shell."", ""Top with remaining whipped topping;garnish with banana slices and mint,if desired."")",paleo,american,banana-cream-pie
8450,Flourless Chocolate Cake,PT50M,PT20M,PT1H10M,"c(""dark chocolate"", ""unsalted butter"", ""caster sugar"", ""eggs"")",291.9,25.7,13.1,106.0,36.0,17.4,5.0,9.1,7.6,"c(""Base-line and butter a 2 cm round tin."", ""Dust with a little of the almond meal."", ""Pre-heat oven to 180°C."", ""Melt chocolate, butter and sugar together in a double-boiler."", ""Remove and allow to cool."", ""Mix in egg yolks one by one."", ""Add almond meal."", ""Whip egg whites until stiff peaks form."", ""Fold very gently into mixture."", ""Pour into prepared tin and bake for 50 minutes."")",dash,american,flourless-chocolate-cake-14478
8874,Mai Tai,,PT5M,PT5M,"c(""lime"", ""Curacao"", ""sugar"", ""orgeat syrup"", ""light rum"", ""dark rum"", ""lime peel"", ""pineapple chunk"", ""maraschino cherry"")",177.2,0.1,0.0,0.0,2.0,14.2,1.9,8.2,0.5,"c(""Squeeze the lime over ice."", ""Add other ingredients, and decorate with the fruit."")",dash,world,mai-tai-51172000
8877,Manhattan,,PT5M,PT5M,"c(""Bourbon"", ""Italian sweet vermouth"", ""maraschino cherry"")",213.3,0.0,0.0,0.0,0.9,2.1,0.2,1.9,0.0,"c(""Shake with ice, and strain into a cocktail glass."", ""Decorate with cherry."")",dash,world,manhattan-238166
9791,Meatloaf,PT2H,PT30M,PT2H30M,"c(""lean ground beef"", ""onion"", ""parsley"", ""egg"", ""salt"", ""pepper"", ""minced garlic clove"")",278.5,12.6,5.0,104.7,1093.9,14.1,1.4,3.0,25.7,"c(""preheat oven to 350F, mix ingredients thoroughly, press into small roasting pan or loaf pan."", ""bake uncovered for 1 1/2 hours."")",dash,american,meatloaf-241512
10244,Thai Beef Salad,PT3H,PT15M,PT3H15M,"c(""green onions"", ""lemongrass"", ""fresh cilantro"", ""fresh mint leaves"", ""lime juice"", ""fish sauce"", ""white sugar"", ""leaf lettuce"", ""English cucumber"", ""cherry tomatoes"")",1490.3,95.0,36.5,259.1,3249.6,79.8,6.8,60.5,82.2,"c(""In a large bowl, stir together the green onions, lemon grass, cilantro, mint leaves, lime juice, fish sauce, chili sauce and sugar until well combined and the sugar is dissolved."", ""Adjust the flavor, if desired, by adding more sugar and/or fish sauce."", ""Set aside."", ""Cook the steak over high heat on a preheated grill for approximately 4-6 minutes on each side, until it is cooked medium."", ""Do not overcook the meat!"", ""Remove from heat and slice into thin strips."", ""Add the meat and its juices to the sauce and refrigerate, tightly covered, for at least 3 hours."", 
""Tear the lettuce into bite size pieces and place in a salad bowl."", ""Arrange the cucumber on top of the lettuce, and then pour the meat and sauce over."", ""Top with the cherry tomatoes and garnish with fresh cilantro leaves."")",dash,south east asian,thai-beef-salad
10787,Blue Cheese Dressing,,PT10M,PT10M,"c(""blue cheese"", ""sour cream"", ""malt vinegar"", ""garlic clove"", ""milk"")",290.6,25.9,16.4,60.0,507.6,4.9,0.0,0.3,9.9,"c(""Mash cheese with fork."", ""Add remaining ingredients and beat or blend until smooth."")",dash,american,blue-cheese-dressing-369192
10935,Singapore Sling,,PT2M,PT2M,"c(""cherry brandy"", ""lemon juice"", ""soda water"")",116.3,0.0,0.0,0.0,1.0,1.2,0.1,0.3,0.1,"c(""Add ingredients to a 10 oz."", ""glass filled w/ ice."", ""Shake lightly (don't want the soda water to fizz too much, but the cherry brandy is thick and will settle at the bottom if not shaken) Garnish with an orange cherry flag."")",dash,south east asian,singapore-sling-200060
12940,Ratatouille,PT55M,PT5M,PT1H,"c(""olive oil"", ""garlic"", ""dried parsley"", ""eggplant"", ""salt"", ""parmesan cheese"", ""zucchini"", ""onion"", ""fresh mushrooms"", ""green bell pepper"", ""tomatoes"")",260.1,14.7,5.4,22.0,403.9,21.5,7.5,9.9,14.6,"c(""Preheat oven to 350 degrees F (175 degrees C)."", ""Coat bottom and sides of a 1 1/2 quart casserole dish with 1 tablespoon olive oil."", ""Heat remaining 1 tablespoon olive oil in a medium skillet over medium heat."", ""Saute garlic until lightly browned."", ""Mix in parsley and eggplant."", ""Saute until eggplant is soft, about 10 minutes."", ""Season with salt to taste."", ""Spread eggplant mixture evenly across bottom of prepared casserole dish."", ""Sprinkle with a few tablespoons of Parmesan cheese."", ""Spread zucchini in an even layer over top."", 
""Lightly salt and sprinkle with a little more cheese."", ""Continue layering in this fashion, with onion, mushrooms, bell pepper, and tomatoes, covering each layer with a sprinkling of salt and cheese."", ""Bake in preheated oven for 45 minutes."")",mediterranean,french,ratatouille-350730
13894,Vegan Chocolate Cheesecake,PT12H,PT5M,PT12H5M,"c(""medium firm tofu"", ""margarine"", ""dry sweetener"", ""cocoa powder"", ""vanilla extract"", ""salt"", ""soymilk"", ""graham cracker pie crust"")",418.9,34.2,6.5,0.0,503.9,24.0,3.5,10.4,9.7,"c(""Using a blender or food processor (I prefer a hand-held mixer) blend all the ingredients until smooth."", ""Pour ingredients into a cheesecake pan which has been lined with graham cracker pie crust."", ""Chill for 12 hours before eating."")",vegan,american,vegan-chocolate-cheesecake-355990
14186,Vegan Pumpkin Pie,PT10M,PT25M,PT35M,"c(""unbleached flour"", ""whole wheat flour"", ""salt"", ""vegan sugar"", ""baking powder"", ""canola oil"", ""soymilk"", ""lemon juice"", ""water"", ""canned pumpkin"", ""low-fat soymilk"", ""cornstarch"", ""dark molasses"", ""vanilla extract"", ""ground cinnamon"", ""salt"", ""ground ginger"", ""nutmeg"", ""ground allspice"")",226.4,5.8,0.6,0.0,496.0,42.0,3.0,23.5,2.6,"c(""To make the crust, in a medium bowl, combine flours, salt, sugar and baking powder."", ""In a small bowl, mix oil and soy milk mixture."", ""Pour liquid mixture into dry ingredients and mix with a fork until dough holds together in a ball."", ""If it is too dry, add some water, a little at a time, until dough is moist enough to roll."", ""(If time allows, cover with plastic wrap and refrigerate for one hour.) Roll out dough on lightly floured surfaced with a floured rolling pin, forming an 11-inch circle."", 
""Line a 9-inch pie pan with the dough."", ""Flute or crimp the edges with your fingers or a fork."", ""Cover with plastic and refrigerate until ready to use."", ""Pre-heat oven to 425°F."", ""To prepare the filling, in a large bowl, mix all remaining ingredients until smooth and blunted."", ""Pour into prepared crust and smooth top."", ""Bake 10 minutes, then reduce oven temperature to 350F and bake until filling is set, about 50 minutes."", ""NOTE: For best results, filling must set overnight in the refrigerator, so make it the day before you want to serve it.""
)",vegan,american,vegan-pumpkin-pie-56390152
14398,Turkey Tetrazzini,PT45M,PT10M,PT55M,"c(""chicken"", ""turkey"", ""spaghetti"", ""celery"", ""onions"", ""bell peppers"", ""margarine"", ""sharp cheddar cheese"", ""mushroom"", ""chicken broth"")",448.0,26.8,10.3,72.3,783.4,26.9,1.6,2.9,24.1,"c(""Saute onions, celery, and peppers in margarine."", ""Combine all ingredients in large bowl."", ""Bake at 350 F."", ""until bubbly (approximately 45 minutes)."", ""Serve with Parmesan cheese."", ""Fills 2 (9x13 inch) casserole pans."", ""Can be halved."")",dash,american,turkey-tetrazzini-13377
14401,Coconut Macaroons,PT20M,PT15M,PT35M,"c(""coconut"", ""sugar"")",149.0,8.2,7.2,0.0,20.0,18.8,2.1,16.7,1.9,"c(""Mix coconut, sugar and egg whites together in a saucepan."", ""Heat gently, stirring with a wooden spoon until the mixture is warm but NOT hot."", ""Remove from heat and leave until cold."", ""Divide mixture into 18 mounds, setting them down on greased, floured baking trays."", ""Top each mound with a half glace cherry."", ""Bake 20 minutes at 350F until pale golden brown."", ""Cool on a wire rack."")",keto,french,coconut-macaroons-350891
15695,Chicken And Dumplings,PT1H25M,PT30M,PT1H55M,"c(""chicken"", ""salt"", ""pepper"", ""garlic powder"", ""dried thyme"", ""chicken bouillon granule"", ""self-rising flour"", ""poultry seasoning"", ""shortening"", ""bacon drippings"", ""milk"", ""onion"", ""celery"", ""carrot"")",770.5,43.5,12.6,148.8,1997.0,48.9,1.9,0.2,42.8,"c(""Cover the chicken with water and bring to a boil in a large dutch oven or pot."", ""Add 1 1/2 tsp. salt."", ""Add 1/2 tsp. pepper."", ""Add garlic powder, dried thyme and ground red pepper."", ""Add desired amount of chopped onion, celery and carrot (optional)."", ""Cover, reduce heat, and simmer 1 hour."", ""Remove chicken, saving broth in dutch oven.  Allow to cool."", ""Skim fat from broth.  (I cook the chicken the night before and pour the fat into a container and refrigerate overnight; it is easier to skim the fat this way.)"", 
""Bring broth to a simmer."", ""Skin, bone and coursely chop chicken."", ""Add chicken, bouillon and remaining salt & pepper to broth."", ""Return to simmer."", ""TO MAKE DUMPLINGS..."", ""Combine flour and poultry seasoning in a bowl."", ""Cut in shortening and bacon drippings with a pastry blender until mixture is crumbly."", ""Add milk, stirring until dry ingredients are moistened."", ""Turn dough onto a lightly floured surface."", ""Roll out to 1/8 inch thickness."", ""Cut into 1 inch pieces."", ""Bring broth to a boil."", 
""Drop dumplings, a few at a time, into boiling broth."", ""Stir gently."", ""Reduce heat, cover and simmer...stirring often, for about 25 minutes."", ""ENJOY THIS SOUTHERN \""COMFORT\"" FOOD ON A COLD DAY!"")",dash,american,chicken-and-dumplings-388655
16332,Naan,PT10M,PT45M,PT55M,"c(""dried yeast"", ""water"", ""sugar"", ""yogurt"", ""egg"", ""ghee"", ""butter"", ""salt"", ""flour"", ""butter"", ""poppy seeds"", ""cumin"")",317.3,12.3,7.2,55.6,335.8,44.1,1.7,2.1,7.2,"c(""In a small warm bowl (not hot) pour in the 1/4 cup water and sprinkle on the yeast."", ""Add 1 tsp sugar and stir, leave in a warm place for 10 minutes or until it starts to froth (if it does not froth your yeast is not working and start over check expiry date of the yeast)"", ""Stir yogurt until smooth and mix in the remaining 2 tbsp sugar, 1/2 cup water,egg, melted ghee and salt."", ""Stir in the yeast mixture."", ""In another bowl put in 2 cups flour, make a well in the center and pour in liquid (Use mixer with dough hook) mix until you have a smooth dough."", 
""Slowly add remaining flour until you have a stiff dough, use dough hook and knead for 7-8 minutes or knead by hand for 10-12 minutes until the dough is elastic& smooth."", ""Form dough into a ball and place in a greased warm bowl, turn the dough over so the top is greased too, cover with a damp tea towel and keep in a warm place (I usually put it in the oven with my oven light on)."", ""When it has doubled in size punch down, divide into 8 balls and let it rest for 10 minutes."", ""Pat dough into circles making them thinner in the centre and thicker around the rim."", 
""Pull one end outwards making a teardrop shape or pull both ends outward making an oblong shape."", ""They should be about 8\"" long and about 3-4\"" wide."", ""Brush with melted ghee (butter)"", ""Bake in 450f oven for about 10 minutes or until golden and puffed."")",vegan,indian,naan
24062,Roast Chicken,PT3H,PT15M,PT3H15M,"c(""chicken"", ""celery"", ""sweet apple"", ""garlic"", ""olive oil"", ""salt"", ""pepper"")",522.0,34.7,9.9,172.5,169.7,7.1,1.3,4.9,43.1,"c(""Wash and dry chicken."", ""Pour olive oil onto one hand and coat all of the chicken."", ""Season with salt and pepper."", ""Place in roaster."", ""Cut celery into half inch chunks and apples into eights."", ""Place half of celery and half of apple pieces into chicken cavity."", ""Place other half around chicken in roaster."", ""Slice garlic cloves into slivers."", ""Place half of them under the chicken skin in various places."", ""Place other half either on top of the chicken skin or around the chicken."", ""Place in oven at 350F and baste every half hour or so."", 
""Depending on size of chicken, roasting time will be hour and a half to three hours."", ""If wanted, add a few sprigs of fresh rosemary in and around the chicken."")",dash,american,roast-chicken-394676
25419,Lentil Burgers,PT10M,PT30M,PT40M,"c(""brown lentils"", ""green lentils"", ""mashed potatoes"", ""sesame seeds"", ""sunflower seeds"", ""cashews"", ""garlic clove"", ""onion"", ""fresh herb"")",365.7,9.9,1.1,0.7,131.0,50.3,22.2,3.1,20.9,"c(""Mix potato and lentils well."", ""Add the breadcrumbs, sesame and sunflower seeds, nuts, onion and garlic."", ""Finely chop the herbs and add to the mixture with salt and pepper."", ""Mix everything together."", ""Divide into portions and form into burger shapes."", ""Heat a little oil in a fry pan and fry the burgers over moderate heat about 5 minutes each side."", ""Place onto buns with salad and sauce of choice e.g. hummus, chilli, tomato etc."")",vegan,nordic,lentil-veggie-burgers
28581,Shrimp Scampi,PT15M,PT25M,PT40M,"c(""medium shrimp"", ""linguine"", ""garlic cloves"", ""butter"", ""margarine"", ""white wine"", ""salt"", ""pepper"", ""parsley"")",838.5,49.2,29.6,408.5,1847.0,48.5,2.1,2.2,39.4,"c(""Cook linguine according to package directions; keep warm."", ""Cook garlic in butter and wine in a large skillet over medium-high heat, stirring constantly, until garlic is tender."", ""Add shrimp, and cook over medium heat 3-5 minutes or until shrimp turn pink."", ""Add salt and pepper; mix well."", ""In individual serving plates, place linguine noodles; top with shrimp, and sprinkle with chopped parsley."")",dash,italian,shrimp-scampi-51262170
38910,Pickled Red Onions,,PT15M,PT15M,"c(""cider vinegar"", ""water"", ""brown sugar"", ""salt"", ""peppercorn"", ""red onions"")",118.8,0.4,0.1,0.0,596.5,27.1,3.7,15.0,1.9,"c(""Bring a kettle of water to a boil."", ""In a bowl, combine the vinegar, water, sugar, salt and pepercorns."", ""Stir until the sugar is dissolved."", ""Place onion slices in a colander."", ""Pour boiling water over the onion slices and drain well."", ""(This wilts the onions slightly and allows them to absorb the marinade)."", ""Transfer the onions to the bowl with marinade and mix to coat the onions thoroughly."", ""Cover and marinate several hours or overnight in the refrigerator."")",vegan,american,pickled-red-onions-51196620
45029,Apple Pie,PT55M,PT10M,PT1H5M,"c(""light brown sugar"", ""flour"", ""unsalted butter"", ""lemon, zest of"", ""ground cinnamon"", ""ground allspice"", ""ground nutmeg"", ""sliced apples"")",522.7,25.6,12.3,40.7,169.6,73.1,4.3,47.0,3.4,"c(""Combine sugar, flour, butter, lemon zest, cinnamon, allspice, cloves, and nutmeg in a food processor."", ""Process until well blended."", ""Spread one-third of the sugar mixture over an unbaked pie crust."", ""Arrange apple slices, in an overlapping pattern, on top of the sugar mixture."", ""Top with the remaining sugar mixture."", ""Bake@ 400 degrees for 45-55 minutes, until crust is lightly browned."", ""Serve hot, warm, or at room temperature."")",dash,american,apple-pie-11725
50236,Vasilopita,PT1H,PT30M,PT1H30M,"c(""butter"", ""white sugar"", ""eggs"", ""water"", ""vanilla extract"", ""all-purpose flour"", ""baking powder"", ""sesame seeds"")",376.1,18.4,9.2,110.4,146.6,47.1,1.4,25.5,6.5,"c(""Preheat oven to 325 degrees F (165 degrees C)."", ""In a large bowl, blend together the butter or margarine and the sugar."", ""Separate 3 of the eggs; add the yolks and the 2 remaining whole eggs to the butter mixture."", ""Stir in the vanilla and water."", ""In another bowl, sift together the baking powder and flour."", ""Add these dry ingredients to the creamed mixture."", ""Whip 3 egg whites until they are foamy."", ""Add 1 tablespoon sugar."", ""Continue to whip the whites until they are stiff, but not dry."", 
""Fold whipped whites into batter."", ""Pour the batter into a greased 10 x 4 inch tube pan."", ""Wrap a large coin in foil, and place the coin in the batter."", ""Press the coin down; it should be completely hidden."", ""Sprinkle the nuts and seeds on top of the batter."", ""Bake the cake for about 70 minutes, or until done."", ""Cool on a wire rack."")",mediterranean,french,vasilopita-361412
50368,Panzanella,PT10M,PT45M,PT55M,"c(""tomatoes"", ""extra virgin olive oil"", ""yellow bell peppers"", ""orange bell peppers"", ""cucumbers"", ""red onion"", ""canned anchovy fillets"", ""capers"", ""red wine vinegar"", ""fresh basil leaf"")",248.4,17.7,2.5,0.0,146.7,20.3,5.6,13.0,3.5,"c(""Cut the bread into 1-inch cubes and place in a large bowl."", ""Working over a plate to catch any juices, cut the tomatoes into fourths, reserving the juices."", ""Using a teaspoon, scoop out the cores and seeds, then finely chop the flesh."", ""Add to the bread cubes."", ""Drizzle 5 tbls."", ""olive oil over the mixture and toss with your hands, until well coated."", ""Pour in the reserved tomato juice and toss again."", ""Set aside for about 30 minutes."", ""Meanwhile, halve and seed the peppers."", ""Place on a broiler rack, skin side up, and cook under a preheated broiler for 10 minutes, or until the skins are charred and the flesh softened."", 
""Place in a plastic bag, seal, and set aside for 20 minutes."", ""Peel off the skins and finely chop the flesh."", ""Cut the cucumber in half lengthwise, then cut each half into 3 strips lengthwise."", ""Using a teaspoon, scoop out and discard the seeds."", ""Dice the cucumber."", ""Add the onion, bell peppers, cucumber, anchovy fillets (if using), and capers to the bread and toss together."", ""Sprinkle with the red wine vinegar and balsamic vinegar and season to taste with salt and pepper."", ""Drizzle with extra olive oil or vinegar if necessary, but be careful not to let the salad become too oily or soggy."", 
""Sprinkle the fresh basil over the salad to garnish and serve immediately."", ""Enjoy!"")",mediterranean,mediterranean,panzanella-353151
51111,Vegan Mayonnaise,PT10M,PT10M,PT20M,"c(""salt water"", ""soft tofu"", ""lemon juice"", ""salt"")",36.5,2.1,0.3,0.0,150.0,1.7,0.1,0.6,3.7,"c(""Boil salted water, add tofu and return to a boil."", ""Immediately remove from heat and let sit for 3 minutes."", ""Drain tofu and place in food processor with remaining ingredients and process until smooth."", ""Refrigerate."")",vegan,american,vegan-mayonnaise-366490
54690,Ratatouille,PT2H,PT1H,PT3H,"c(""eggplants"", ""zucchini"", ""kosher salt"", ""olive oil"", ""onions"", ""green peppers"", ""tomatoes"", ""garlic"", ""fresh basil leaves"", ""parsley"", ""thyme"", ""pepper"")",254.5,14.5,2.1,0.0,1768.1,31.2,11.6,14.5,5.6,"c(""put eggplant in 1 colander, zucchini in another."", ""sprinkle with salt, let drain for 30 mins blot dry with paper towels."", ""heat 2 tbsp oil in skillet."", ""add onions and saute until clear, about 15 minutes, remove."", ""add 2 tbsp oil to skillet, add eggplant, saute until golden, about 20 mins, remove to a large heavy pot, add some onions add 2 tbsp oil to skillet, add zucchini, saute about 10 minutes, add to pot, cover with some onions add 1 tbsp oil to pan, add peppers, saute about 10 mins, add to pot, cover with some onions add remaining oil to pot."", 
""add tomatoes, garlic, herbs, cook until thickened about 15 minutes, add to pot simmer partially covered for 1 1/2 hrs, adjust seasoning and cook 30 minutes more."")",mediterranean,french,ratatouille-350730
55059,Angel Food Cake,PT1H,PT10M,PT1H10M,"c(""sugar"", ""flour"", ""salt"", ""cream of tartar"")",163.5,0.2,0.0,0.0,152.1,35.4,0.3,25.3,4.9,"c(""Beat egg whites by hand; add salt and beat again."", ""Add tartar and beat with mixer until stiff."", ""Fold in sifted flour and sugar (sifted together)."", ""Add almond extract, mix, and bake for 1 hour at 225 (in an Angel pan UNGREASED)."", ""Place upside- down to cool."")",paleo,american,angel-food-cake-105741
60699,Fruit Crisp,PT20M,PT10M,PT30M,"c(""brown sugar"", ""flour"", ""old fashioned oats"", ""butter"", ""cinnamon"")",259.1,10.8,6.6,27.1,98.3,39.8,1.1,26.8,2.1,"c(""Place pie filling in 8x8x2 inch square pan."", ""Combine butter, brown sugar and flour with pastry blender."", ""Stir in remaining ingredients."", ""Sprinkle over pie filling and bake for 20 min at 350 or until browned."", ""Serve warm."")",dash,american,fruit-crisp-51113410
63180,Grilled Vegetables,PT30M,PT15M,PT45M,"c(""zucchini"", ""mushroom"", ""onion"", ""broccoli florets"", ""cauliflower florets"", ""olive oil"", ""fresh lemon juice"", ""garlic cloves"", ""fresh basil"", ""parsley"", ""oregano"", ""salt"")",57.4,0.8,0.2,0.0,26.3,10.9,2.8,5.5,4.6,"c(""layer 2 large sheets of heavy duty tin foil."", ""add vegetables."", ""combine dressing ingredients, drizzle over vegetables."", ""fold sides of tin foil, seal tightly."", ""grill covered over medium heat for 30 minutes, turning packet once."", ""cut foil and serve."")",mediterranean,american,grilled-vegetables-51238080
64669,Raspberry Sorbet,PT4H,PT1H,PT5H,"c(""raspberries"", ""caster sugar"", ""water"", ""creme de cassis"", ""Creme de Cacao"")",174.8,1.0,0.0,0.0,2.1,43.1,10.0,30.8,1.9,"c(""Put the sugar and water in a pot and heat until the sugar dissolves."", ""This is likely to happen before the water boils."", ""Do not stir, but instead set the mixture aside to cool and then put in the fridge until it is completely cold."", ""Afterwards, mix the berries, cold syrup and creme de cassis in a food processor or blender."", ""Whiz until smooth and then, if desired, push through a sieve to remove the seeds."", ""You can leave the seeds in if you like a little crunch in your sorbet."", ""Freeze the mixture in an ice cream maker."", 
""You can also do it by hand, stirring the frozen edges into the center every hour or so until it is nearly frozen."", ""However, the texture will not be as velvety as in an ice cream maker."")",vegan,french,raspberry-sorbet-51113440
69626,Rouille,PT10M,PT10M,PT20M,"c(""red bell peppers"", ""floury potato"", ""garlic"", ""red chili pepper"", ""saffron strand"", ""coarse salt"", ""olive oil"")",2274.6,217.4,30.1,0.0,2363.9,82.3,14.7,16.8,10.6,"c(""Roast the bell peppers whole in the oven; skin, deseed and chop into pieces."", ""Boil the potato in its skin, rinse and peel."", ""Pound garlic, chili, saffron and salt in a mortar."", ""Add the potato and peppers."", ""Gradually add the olive oil until it is the consistency of a fine puree."")",mediterranean,south american,rouille-238412
76173,Rosemary Pork Chops,PT25M,PT10M,PT35M,"c(""flour"", ""salt"", ""rosemary"", ""paprika"", ""onion powder"")",462.3,28.3,8.7,68.8,835.4,27.7,1.7,1.8,22.7,"c(""in bowl combine first 6 indgredients."", ""stir in oil until crumbly."", ""seperate into 3 equal containers at this point."", ""To prepare pork chops."", ""Place mixture into resealable plastic bag."", ""Place small amount of water in a bowl."", ""Dip pork chops into the water."", ""Place them in bag and shake to coat."", ""Place in 9X13 baking dish and bake at 425 degrees for 25 mins."", ""May also be cooked on stove top in skillet w/oil for 4 mins on each side."")",mediterranean,american,rosemary-pork-chops-56389503
90586,Quick Paella,PT20M,PT20M,PT40M,"c(""Italian sausage"", ""boneless skinless chicken breasts"", ""onion"", ""bell pepper"", ""garlic cloves"", ""diced tomatoes"", ""chicken broth"", ""frozen green pea"", ""turmeric"", ""crushed red pepper flakes"", ""Minute Rice"", ""medium shrimp"")",657.4,19.6,6.3,176.6,1648.1,71.3,6.6,9.1,46.5,"c(""Saute the first 5 ingredients (sausage through garlic) in a large skillet over medium-high heat 6 minutes or until just cooked."", ""Add the next 5 ingredients (tomatoes through crushed pepper) and bring to a boil."", ""Stir in rice and shrimp and return to a boil."", ""Cover, Remove from heat and let stand 5 to 10 minutes until rice is tender."", ""Stir in lemon juice JUST before serving."", ""Enjoy."")",dash,american,quick-paella-354351
107911,"Chicken With Olives, Caramelized Onions, And Sage",PT2H,PT20M,PT2H20M,"c(""chicken"", ""ground cumin"", ""salt"", ""sweet Hungarian paprika"", ""turmeric"", ""olive oil"", ""red onions"", ""honey"", ""dry white wine"", ""fresh sage leaves"", ""shallots"", ""garlic cloves"", ""bay leaves"")",1180.2,78.2,19.7,297.7,874.3,24.0,2.8,10.2,76.3,"c(""Rinse chicken; pat dry."", ""Arrange on foil."", ""Mix cumin, salt, paprika, and turmeric in bowl."", ""Sprinkle over both sides of chicken."", ""Let stand while preparing onions."", ""Heat oil in large skillet over medium-high heat."", ""Add all onions."", ""Sauté until pale golden, about 30 minutes."", ""Mix in honey."", ""Sauté until onions are deep brown, about 15 minutes."", ""Turn off heat."", ""Tilt skillet, pushing onions toward top and allowing oil to pool at bottom."", ""Using slotted spoon, spread onions evenly in large roasting pan."", 
""Reserve skillet with oil."", ""Position rack in center of oven and preheat to 350°F Heat oil reserved in skillet over medium-high heat."", ""Working in batches, brown chicken, about 5 minutes per side."", ""Arrange chicken, skin side up, in single layer atop onions in roasting pan."", ""Remove skillet from heat."", ""Add 1/2 cup wine to hot skillet."", ""Let stand until bubbling stops."", ""Add remaining wine."", ""Place skillet over medium-high heat; boil until reduced to 2 cups, scraping up bits, about 9 minutes."", 
""Tuck sage, shallots, garlic, and bay leaves among chicken quarters."", ""Sprinkle with pepper."", ""Spoon wine mixture over."", ""Cover pan tightly with foil and bake chicken 30 minutes."", ""Uncover; sprinkle olives over chicken."", ""Baste with juices."", ""Return to oven, uncovered, and continue baking until chicken is tender, basting 2 more times, about 35 minutes."", ""Transfer chicken, vegetables, and olives to platter."", ""Serve with pan juices."")",mediterranean,mediterranean,chicken-with-olives-caramelized-onions-and-sage-231291
117986,Salmon Blt,PT15M,PT30M,PT45M,"c(""mayonnaise"", ""white cornmeal"", ""panko breadcrumbs"", ""dried thyme"", ""dried oregano"", ""salt"", ""fresh ground black pepper"", ""chili powder"", ""salmon fillets"", ""salt"", ""fresh ground pepper"", ""olive oil"", ""arugula"", ""fresh tomatoes"", ""bacon"")",963.8,61.9,15.0,226.9,1378.0,25.7,1.7,5.6,73.5,"c(""To make the spicy mayonnaise: combine ingredients until well blended; refrigerate until ready to use."", ""To make the seasoned cornmeal crust mixture: add ingredients to the container of a food processor; blend well."", ""Transfer mixture to a wide bowl or pie plate; set aside."", ""To make the sandwiches: season the salmon with salt and pepper."", ""Dredge the fillets in the seasoned cornmeal crust mixture and set aside."", ""In a large skillet, add enough olive oil to coat the bottom of the pan."", ""Heat the oil to a low smoke; add the salmon fillets and fry them, turning once."", 
""Cooking time depends on the thickness of the fillets and the desired degree of doneness; do not over cook the salmon."", ""Spread each slice of potato bread with the spicy mayonnaise on one side."", ""On 4 slices of bread, place arugula leaves to cover, add 3 slices of tomato and 3 slices of bacon to each."", ""Add the fried salmon fillet and cover with remaining slices of bread."", ""Slice the sandwich in half and serve immediately."")",dash,nordic,salmon-blt-350286
126674,Sidecar,,PT5M,PT5M,"c(""brandy"", ""Cointreau liqueur"", ""fresh lemon juice"")",88.6,0.0,0.0,0.0,0.5,1.7,0.1,0.5,0.1,"c(""Add all ingredients to an ice-filled shaker."", ""Cover and shake vigorously."", ""Strain into an ice-cold cocktail glass (martini)."", ""Garnish with a maraschino cherry."")",dash,world,sidecar-350783
130187,Bouillabaisse,PT15M,PT25M,PT40M,"c(""olive oil"", ""hot Italian sausage"", ""onions"", ""tomatoes with garlic"", ""dry white wine"", ""fresh mushrooms"", ""tomato sauce"", ""stewed tomatoes"", ""bottled clam juice"", ""garlic cloves"", ""fresh basil leaf"", ""parsley"", ""littleneck clams"", ""shrimp"", ""sea scallops"", ""lobster tails"", ""pasta"")",449.0,21.1,6.2,153.2,1234.9,18.4,2.4,7.1,40.9,"c(""Heat olive oil in large Dutch oven or flameproof casserole over medium heat.  Add sausage, mushrooms and onions and cook, stirring frequently and breaking up sausage with a fork until sausage loses pink color, about 10 minutes."", ""Stir in tomatoes.  Bring mixture to boil."", ""Reduce heat to low and simmer 5 minutes.  Pour in wine and clam juice.  Return mixture to boil.  Reduce heat to low, cover and simmer 20 minutes, stirring occasionally.  Add basil and garlic and cook 5 minutes longer."", ""Stock can be prepared ahead to this point.  Either refrigerate until ready to use (usually 24 hours) or freeze."", 
""Before serving, transfer stock to a pot large enough to accommodate stock and shellfish.  Bring to boil over high heat."", ""Reserve half of the parsley for garnish and add remaining parsley to the pot.  Add clams.  Reduce heat to medium high and simmer until some clams open.  Add remaining shellfish and simmer until done (about 5 – 10 minutes)  DISCARD ANY CLAMS THAT DO NOT OPEN."", ""Ladle into bowl and sprinkle with reserved parsley.  Serve with fresh pasta."")",mediterranean,american,bouillabaisse-238411
133310,Mulligatawny Soup,PT23M,PT1H30M,PT1H53M,"c(""butter"", ""margarine"", ""carrot"", ""onion"", ""celery"", ""garlic cloves"", ""bell pepper"", ""turnip"", ""granny smith apple"", ""curry powder"", ""ground coriander"", ""ground cloves"", ""ground ginger"", ""salt"", ""fresh ground black pepper"", ""chicken broth"", ""cornstarch"", ""cold water"", ""garbanzo beans"")",324.9,10.3,2.6,44.7,1020.2,36.0,5.4,8.8,22.1,"c(""In a big soup pot over medium heat, heat the oil and butter."", ""Add in chopped carrots, stir/saute for 2 minutes."", ""Add remaining vegetables and apple; stir/saute for about 10 minutes or until tender."", ""Add curry powder, coriander, cloves, ginger, salt, and pepper; stir for 1 minute."", ""Add in stock; bring to a boil."", ""In a small bowl, mix together the cornstarch and water; add to soup mixture and stir for about 2 minutes or until thickened."", ""Add chicken; stir to combine."", ""Puree beans with 1 cup of stock from soup in a food processor."", 
""Add puree to soup and mix well."", ""Lower heat to medium-low and simmer, uncovered,  for about 10 minutes or until flavors are blended."", ""Ladle into individual soup bowls; sprinkle with coconut and serve."")",dash,indian,mulligatawny-soup-232690
138874,Michelada,,PT5M,PT5M,"c(""lemon juice"", ""Corona beer"", ""Worcestershire sauce"", ""Tabasco sauce"", ""lemon wedge"")",18.8,0.2,0.0,0.0,12.8,5.8,0.3,2.2,0.3,"c(""Dip rims of 1 tall chilled glass in a saucer of water, shake off excess, then dip moistened rim in a saucer of kosher or margarita salt."", ""Fill glass half-way with ice and then one-third full with freshly squeezed lemon juice, then top off  with cold Corona, Pacifico, or other light Mexican beer."", ""Add 1–2 dashes worcestershire, a splash of spicy v8 and Tabasco sauces.  Serve with lemon wedges, if you like."")",dash,world,michelada-242665
160898,Chickpeas With Spinach,PT10M,PT10M,PT20M,"c(""plain yogurt"", ""garlic clove"", ""of fresh mint"", ""salt"", ""onion"", ""olive oil"", ""red bell pepper"", ""ground coriander"", ""ground cumin"", ""chickpeas"", ""spinach"", ""orzo pasta"")",221.4,5.5,1.4,5.3,455.7,35.7,8.0,4.7,9.9,"c(""Combine yogurt, garlic, mint, and salt in a bowl. Set aside and let flavors mingle."", ""In a skillet, sauté the onion in the oil over medium heat until softened."", ""Add bell pepper, coriander, and cumin. Sauté for 2-3 minutes longer."", ""Stir in the chickpeas and ¼ cup of their liquid. Simmer for 5 minutes, until the pepper are just tender, adding more of the chickpea liquid if necessary."", ""Add spinach and cook until the spinach is bright and wilted."", ""Stir in lemon juice and add salt and pepper. Serve immediately on top of the orzo topped with the yogurt sauce.""
)",mediterranean,indian,chickpeas-with-spinach-354552
177101,Fried Oysters,PT30M,PT20M,PT50M,"c(""salt"", ""pepper"", ""eggs"")",278.8,9.1,1.9,162.4,729.4,30.7,1.1,0.3,17.1,"c(""Drain oysters and press between paper towels to remvove excess moisture. Sprinkle oysters with salt and pepper. Combine eggs and hot sauce. Dip oysters in cracker crumbs, egg mixture, and cracker crumbs again."", ""Pour oil to a depth of 2 inches into a large deep skillet, heat to 375°F fry oysters, in batches, about 2 minutes or until golden, turning to brown on both sides. Drain on paper towels. Serve with tartar sauce."")",dash,mediterranean,fried-oysters-237365
178734,Sazerac,,PT5M,PT5M,"""Herbsaint""",139.0,0.0,0.0,0.0,0.0,0.1,0.0,0.1,0.0,"c(""Classic version. Old fashioned Glass. Pour in a splash of Herbsaint or Pernod.  Turn glass on side and rotate to coat sides allowing excess to flow out of glass."", ""Add sugar/water or simple syrup, bitters, rye."", ""Add ice cubes.  I am a firm believer in packing a glass with ice, but this is different; use 3-4 cubes."")",dash,world,sazerac-237263
183787,Rum Swizzle,PT5M,PT10M,PT15M,"c(""rum"", ""rum"", ""apricot brandy"", ""limes"", ""bermuda falernum"", ""maraschino cherry"")",594.1,0.5,0.1,0.0,7.6,28.2,7.5,4.5,1.9,"c(""Fill a pitcher a third full with ice cubes."", ""All all of the ingredients besides garnish and churn vigorously with a swizzle stick until a bit of 'sea foam' appears on the top."", ""Strain into sour glasses, garnish with a cherry toothpicked to a slice of orange."")",dash,british,rum-swizzle-56389925
245865,Lean Lasagna,PT30M,PT20M,PT50M,"c(""olive oil"", ""onion"", ""ground turkey"", ""tomato sauce"", ""basil"", ""garlic cloves"", ""fresh ground black pepper"", ""garlic cloves"", ""mushroom"", ""fresh spinach"", ""ricotta cheese"", ""nutmeg"", ""part-skim mozzarella cheese"")",409.3,25.4,12.7,112.5,956.2,13.1,2.2,5.3,32.8,"c(""Preheat oven to 375°F Heat oil in large skillet. Sauté onion for 2 minutes, then add turkey and cook an additional 5 to 7 minutes."", ""Add tomato sauce, all seasonings, garlic, and mushrooms and simmer 2 minutes. Remove pan from heat."", ""In a bowl, combine spinach, ricotta, and nutmeg. Bring a large pot of salted water to boil. Cook pasta according to package directions until al dente. Drain and rinse with cool water."", ""Coat a 9\"" x 13\"" baking pan with cooking spray. Arrange 1/3 lasagna noodles (3 noodles) on the bottom of the pan. Spread a layer of ricotta mixture, then turkey mixture, then 1/3 mozzarella. Repeat layers, ending with mozzarella."", 
""Bake 20 to 25 minutes or until cheese bubbles. Cool at least 5 minutes before cutting."")",dash,italian,lean-lasagna-230145
270276,Ramos Gin Fizz,PT5M,PT5M,PT10M,"c(""lemon"", ""orange flower water"", ""heavy cream"", ""sugar"")",416.4,22.3,13.8,81.7,92.6,16.1,2.5,8.7,5.5,"c(""Reserve a 1/4-inch-by-2-inch strip of lemon zest for garnish."", ""Squeeze 1 tablespoon lemon juice into a shaker."", ""Add the egg white, orange flower water, cream, sugar, gin, and crushed ice.  Shake the mixture until foamy and smooth, about five minutes. Alternatively, mix in a blender set on high speed for 1-1/2 minutes."", ""Strain into an 8-ounce highball glass."", ""Add club soda, garnish with a lemon twist, and serve immediately."")",dash,world,ramos-gin-fizz-351596
290326,Wine Spritzer,,PT2M,PT2M,"""red wine""",102.0,0.0,0.0,0.0,4.8,3.1,0.0,0.7,0.1,"c(""Mix red wine and Fresca together over ice."", ""Enjoy!"")",dash,world,wine-spritzer-51193900
294058,Classic Martini,,PT5M,PT5M,"c(""vodka"", ""vermouth"", ""green olives"")",427.9,1.2,0.2,0.0,127.8,0.3,0.3,0.0,0.1,"c(""Fill a pint glass with ice."", ""Add the vodka (or gin) and vermouth."", ""Stir well with a spoon for 30-60 seconds."", ""Cover the glass with a cocktail strainer and poor into a chilled martini glass."", ""Garnish the cocktail with three olives threaded onto a fancy cocktail stirrer, or a toothpick."", ""Serve."")",dash,world,classic-martini-56389382
326374,Old Fashioned,,PT5M,PT5M,"c(""lemon peel"", ""maraschino cherry"")",94.0,0.0,0.0,0.0,0.2,6.3,0.2,6.2,0.0,"c(""In old-fashioned tumbler, muddle bitters with sugar until sugar is dissolved."", ""Add ice cubes and rye or bourbon."", ""Extract zest by twisting lemon peel over drink, then drop it in and garnish with cherry."")",dash,world,old-fashioned-350766
334694,Vegan Chili,PT20M,PT5M,PT25M,"c(""olive oil"", ""onion"", ""garlic cloves"", ""mushroom"", ""diced tomato"", ""canned black beans"", ""canned kidney beans"", ""tomato paste"", ""Worcestershire sauce"", ""oregano"", ""basil"", ""salt"", ""fresh ground black pepper"")",269.4,8.0,1.2,0.0,1166.7,41.1,12.3,12.1,13.1,"c(""In large saucepan or stew pot, saute the onions and garlic in warm olive oil."", ""Add mushrooms and red pepper. Cook until pepper softens."", ""Add remaining ingredients and bring to boil."", ""Turn heat to low and simmer 15 minutes."")",vegan,american,vegan-chili-51216410
456186,Pisco Sour,PT5M,PT5M,PT10M,"c(""sugar"", ""water"", ""key lime juice"", ""Pisco"")",117.2,0.1,0.0,0.0,45.0,27.7,0.1,25.6,2.8,"c(""Make sugar syrup: Put sugar and water in a pot and bring to a boil. Boil for 1 minute, remove from heat, and let cool."", ""Place sugar syrup, lemon juice. pisco, egg whites, and ice in a blender, and mix until very frothy."", ""Serve in small tumblers, with a dash of bitters in the middle of the foam."")",dash,world,pisco-sour-351595
457472,Raspberry Pops,,PT3H,PT3H,"c(""fresh raspberries"", ""sugar"", ""fresh lemon juice"")",82.4,0.4,0.0,0.0,0.8,20.4,4.2,15.4,0.8,"""Purse all ingredients and 3/4 cup water in a food processor until smooth. Set a fine mesh strained over a medium pitcher; strain, pressing on solids to measure about 3 1/2 cups purse. Divide among molds. Cover; insert ice pop sticks. Freeze until firm. Dip bottoms of molds into hot water for 20-30 seconds to loosen pops. Remove from molds and serve.""",dash,american,raspberry-pops-365730
508826,Bacon Baklava,PT1H,PT30M,PT1H30M,"c(""phyllo dough"", ""unsalted butter"", ""walnuts"", ""pecans"", ""bacon"", ""brown sugar"", ""white sugar"", ""water"", ""honey"", ""lemon juice"", ""cinnamon"")",218.0,15.5,5.3,19.3,97.8,18.8,0.9,12.7,2.6,"c(""Thaw the phyllo at room temperature for 2 hours. Cut in half crosswise to get sheets approximately 9x13 to fit the baking pan. Keep the phyllo covered at all times with waxed paper and a damp tea towel to keep it from drying out."", ""Lightly butter the bottom of a 9x13 cake pan. Place one sheet of the phyllo in pan and brush carefully with melted butter. Add 7 more sheets, brushing each with butter."", ""In a bowl, combine the walnuts, pecans, bacon and the 3/4 cup sugar. Mix well. Sprinkle 1 cup evenly over the pastry in the pan. Drizzle with some melted butter."", 
""Top with 4 sheets of phyllo, brushing each with butter. Sprinkle another cup of nut-bacon mixture, drizzle butter."", ""Repeat the 4-sheet / nut mixture / drizzle routine 4 more times. Place the remaining 8 sheets of pastry on top, brushing each with melted butter."", ""With a sharp knife, cut diagonally, cutting to but not through the bottom layer. Continue cutting at about 1-inch spacing until you have approximately 48 diamond-shaped pieces."", ""Bake 1 hour at 325 degrees F. Remove from oven; finish cutting diamonds; cool thoroughly."", 
""When pastry is cooled, prepare the syrup in a saucepan, combining the 2 cups sugar, the water, honey, lemon juice and cinnamon sticks. Boil gently for 15 minutes. Remove cinnamon, stir well."", ""Pour warm syrup evenly over cooled pastry. Cool completely. Store loosely covered at room temperature."")",mediterranean,mediterranean,bacon-baklava-51225820
527971,Slow-Baked Salmon With Lemon And Thyme,PT20M,PT10M,PT30M,"c(""olive oil"", ""boneless salmon fillets"", ""fresh thyme"", ""lemon, zest of"", ""lemon wedges"")",263.3,12.6,2.1,78.2,127.8,0.8,0.3,0.2,35.0,"c(""Preheat oven to 275°F. Line a rimmed baking sheet with aluminum foil. Brush with 1/2 tablespoon oil. Place salmon fillets, skin side down, on prepared baking sheet. Mix remaining oil, thyme, and lemon zest in a small bowl. Spread thyme mixture over salmon fillets, dividing equally.  Season with salt and pepper. Let stand 10 minutes to allow flavors to meld."", ""Bake salmon until just opaque in center, 15-18 minutes. Serve with lemon wedges."")",mediterranean,nordic,slow-baked-salmon-with-lemon-and-thyme-365151
531122,Angel Food Cake,PT50M,PT15M,PT1H5M,"c(""caster sugar"", ""cake flour"", ""cream of tartar"", ""salt"", ""vanilla"")",236.8,0.2,0.0,0.0,155.8,51.6,0.3,38.0,6.8,"c(""preheat oven to 160 Celsius."", ""in a small bowl, sift together 3/4 cup sugar and the cake flour. Set aside."", ""beat egg whites until just frothy, then add cream of tartar and salt."", ""beat until till just combined then add the remaining 3/4 cup of sugar in 4 additions."", ""once all the sugar has been added, beat egg whites to soft peaks."", ""once you have soft peaks, add the vanilla and beat for a few seconds."", ""fold in the flour/sugar mix in 6 additions, sifting it over the egg mix each addition."", 
""spoon batter into an UNGREASED 9 inch tube tin with a removeable bottom. level the top with a spatula and tap the pan on a bench once or twice to remove air bubbles."", ""cook for 40 - 50 minutes, until the top springs back when lightly pressed."", ""remove from oven and turn tin upside down on a wire rack. leave UPSIDE DOWN to cool completely."", ""to remove cake, gently run a thin knife around the sides and centre of tin. push the bottom up to remove cake."", ""place upside down on a plate and use the knife to remove rest of tin."", 
""decorate as desired. I used whipped cream, sliced banana and fresh passionfruit."")",paleo,american,angel-food-cake-105741
537612,Turkey Tetrazzini,PT50M,PT15M,PT1H5M,"c(""spaghetti"", ""butter"", ""red onion"", ""cremini mushrooms"", ""garlic cloves"", ""low sodium chicken broth"", ""unbleached all-purpose flour"", ""milk"", ""black pepper"", ""rosemary"", ""sage"", ""cayenne pepper"")",358.9,15.6,8.2,60.8,467.1,31.6,2.0,3.0,23.0,"c(""Preheat oven to 350ºF. In a large skillet over medium heat, melt butter. Sauté onion until soften. Add peppers and sauté for 3 minutes. Add mushrooms and cook for 3 minutes. Add garlic and sauté for 1 minute. Add flour and stir until vegetables are well coated. Pour broth and stir until well combined. Bring to a boil and cook for 2-3 minutes or until thickened. Reduce heat to low, add milk and condensed cream of mushroom. Cook mixture for 5 minutes."", ""Add turkey, peas, black pepper, rosemary, and sage; mix until combined. Add cooked pasta and stir well. Transfer mixture into a 9 x 13” baking dish coated with cooking spray. Cover with foil and bake for 20 minutes. Uncover, sprinkle with cheese, paprika and parsley. Return baking dish to the oven and bake for 5 to 10 minutes or until cheese is melted.""
)",dash,american,turkey-tetrazzini-13377
538900,Blue Cheese Dressing,,PT15M,PT15M,"c(""mayonnaise"", ""light sour cream"", ""garlic clove"", ""buttermilk"", ""Dijon mustard"", ""black pepper"", ""honey"", ""Worcestershire sauce"", ""hot paprika"", ""blue cheese"")",393.8,29.0,18.4,84.0,962.8,16.4,0.5,5.2,17.6,"c(""In a mixing bowl, add mayonnaise, sour cream, garlic, buttermilk, Dijon mustard, black pepper, honey, Worcestershire sauce, hot paprika and blue cheese; whisk thoroughly."", ""Cover and transfer to the refrigerator for at least 3-4 hours. Serve over salad or as a dip for chicken wings or veggies."", ""Note: Freeze blue cheese for at least 1 hour or until very firm."")",dash,american,blue-cheese-dressing-369192
540312,Caesar Salad,,PT10M,PT10M,"c(""romaine lettuce"", ""garlic cloves"", ""horseradish"", ""Worcestershire sauce"", ""black pepper"", ""extra virgin olive oil"", ""lemon juice"", ""parmesan cheese"", ""bacon"", ""capers"", ""croutons"")",246.9,18.6,4.6,53.8,343.9,14.2,3.3,1.8,7.2,"c(""After washing salad and draining well, place it in a salad sac and transfer to the freezer for 20 minutes then to the refrigerator until ready to serve. It makes the lettuce very crispy."", ""Cut half of one garlic cloves and rub bottom/sides of the bowl. Add yolk, Dijonnaise and horseradish; whisk until well blended. Add pressed garlic, Worcestershire and freshly ground black pepper; whisk again."", ""Pour slowly olive oil in the mixture, whisking at the same time. Add lemon juice and grated cheese to dressing."", 
""When ready to serve, add chilled lettuce and toss until well coated. Add bacon, capers and croutons; combine with the salad. Place in 4 serving plate and sprinkle more cheese on top. Makes 4 servings."")",dash,american,caesar-salad-51160630
